Round,Date,Home v Away Teams,Venue,Crowd,Result,Disposals,Goals
1,Thu 18 Mar 7:25pm,Richmond v Carlton,MCG,49218,105-80,J. Graham 33,J. Riewoldt 4
1,Fri 19 Mar 7:50pm,Collingwood v Western Bulldogs,MCG,46051,53-69,B. Smith 36,-
1,Sat 20 Mar 1:45pm,Melbourne v Fremantle,MCG,21365,80-58,C. Oliver 35,M. Taberner 3
1,Sat 20 Mar 4:05pm,Adelaide v Geelong,Adelaide Oval,26985,103-91,R. Laird 27,T. Walker 5
1,Sat 20 Mar 6:45pm,Brisbane v Sydney,Gabba,22762,94-125,C. Mills 29,-
1,Sat 20 Mar 7:25pm,Essendon v Hawthorn,Marvel Stadium,25128,91-92,T. Mitchell 39,D. Moore 3
1,Sun 21 Mar 1:10pm,North Melbourne v Port Adelaide,Marvel Stadium,13050,65-117,J. Stephenson 33,O. Fantasia 4
1,Sun 21 Mar 3:10pm,West Coast v Gold Coast,Optus Stadium,38493,83-58,D. Sheed 34,O. Allen 4
1,Sun 21 Mar 3:20pm,GWS v St Kilda,ENGIE Stadium,5014,78-86,J. Billings 30,T. Membrey 3; H. Himmelberg 3; DateHome v Away TeamsVenueCrowdResultDisposalsGoals
2,Thu 25 Mar 7:20pm,Carlton v Collingwood,MCG,51723,85-106,J. Crisp 36,H. McKay 4; J. De Goey 4
2,Fri 26 Mar 7:20pm,Geelong v Brisbane,GMHBA Stadium,20070,81-80,C. Guthrie 28,E. Hipwood 4
2,Sat 27 Mar 1:45pm,Sydney v Adelaide,SCG,23946,121-88,R. Laird 30,T. Walker 6
2,Sat 27 Mar 4:05pm,Port Adelaide v Essendon,Adelaide Oval,29978,119-65,O. Wines 38,C. Dixon 4; M. Georgiades 4
2,Sat 27 Mar 7:10pm,Gold Coast v North Melbourne,People First Stadium,6661,98-39,N. Anderson 35,B. King 3; I. Rankine 3
2,Sat 27 Mar 7:25pm,St Kilda v Melbourne,Marvel Stadium,25903,73-91,C. Oliver 37,J. Steele 3
2,Sun 28 Mar 1:10pm,Hawthorn v Richmond,MCG,41051,49-78,T. Mitchell 37,J. Riewoldt 4
2,Sun 28 Mar 3:10pm,Fremantle v GWS,Optus Stadium,27625,87-56,D. Mundy 35,L. Schultz 3
2,Sun 28 Mar 3:20pm,Western Bulldogs v West Coast,Marvel Stadium,21391,100-93,J. Macrae 41,J. Kennedy 4; DateHome v Away TeamsVenueCrowdResultDisposalsGoals
3,Thu 1 Apr 7:40pm,Collingwood v Brisbane,Marvel Stadium,28057,72-73,S. Pendlebury 30,J. Daniher 3
3,Fri 2 Apr 4:20pm,North Melbourne v Western Bulldogs,Marvel Stadium,28483,39-167,J. Macrae 33,J. Dunkley 33; J. Ziebell 33; J. Bruce 10
3,Fri 2 Apr 7:20pm,Adelaide v Gold Coast,Adelaide Oval,30175,95-85,R. Sloane 34,T. Walker 6
3,Sat 3 Apr 1:45pm,Richmond v Sydney,MCG,43637,72-117,C. Mills 31,T. Papley 4
3,Sat 3 Apr 4:35pm,Essendon v St Kilda,Marvel Stadium,29234,143-68,J. Ridley 35,J. Steele 35; C. Hooker 5
3,Sat 3 Apr 5:10pm,West Coast v Port Adelaide,Optus Stadium,42090,108-71,A. Gaff 36,J. Kennedy 4
3,Sun 4 Apr 3:20pm,Carlton v Fremantle,Marvel Stadium,24551,109-64,S. Walsh 37,H. McKay 7
3,Sun 4 Apr 6:10pm,GWS v Melbourne,Manuka Oval,9563,68-102,T. Taranto 32,T. Greene 5
3,Mon 5 Apr 3:20pm,Geelong v Hawthorn,MCG,50030,69-64,C. Guthrie 43,-; DateHome v Away TeamsVenueCrowdResultDisposalsGoals
4,Thu 8 Apr 7:20pm,Sydney v Essendon,SCG,28039,83-80,L. Parker 32,C. Hooker 3; J. Stringer 3; L. Franklin 3
4,Fri 9 Apr 7:20pm,Port Adelaide v Richmond,Adelaide Oval,33742,79-77,J. Short 31,J. Riewoldt 3
4,Sat 10 Apr 1:45pm,Western Bulldogs v Brisbane,Mars Stadium,7387,73-54,J. Macrae 32,T. English 3
4,Sat 10 Apr 4:35pm,St Kilda v West Coast,Marvel Stadium,16710,102-82,J. Steele 33,M. King 5
4,Sat 10 Apr 7:25pm,Collingwood v GWS,MCG,29866,60-90,C. Ward 37,T. Greene 5
4,Sat 10 Apr 7:25pm,Gold Coast v Carlton,People First Stadium,11618,59-70,J. Bowes 34,M. Murphy 2; H. McKay 2; A. Sexton 2
4,Sun 11 Apr 1:10pm,North Melbourne v Adelaide,Marvel Stadium,13479,68-109,A. Hall 33,-
4,Sun 11 Apr 2:40pm,Fremantle v Hawthorn,Optus Stadium,29490,96-81,T. Mitchell 38,S. Darcy 3; D. Moore 3
4,Sun 11 Apr 3:20pm,Melbourne v Geelong,MCG,33728,85-60,C. Petracca 36,B. Fritsch 4; DateHome v Away TeamsVenueCrowdResultDisposalsGoals
5,Thu 15 Apr 7:20pm,St Kilda v Richmond,Marvel Stadium,32056,48-134,D. Martin 34,J. Riewoldt 5
5,Fri 16 Apr 6:10pm,West Coast v Collingwood,Optus Stadium,54159,103-76,A. Gaff 38,J. Darling 5; O. Allen 5
5,Sat 17 Apr 1:45pm,Western Bulldogs v Gold Coast,Marvel Stadium,18920,118-56,J. Dunkley 38,M. Bontempelli 3; J. Corbett 3
5,Sat 17 Apr 4:35pm,Sydney v GWS,SCG,33541,69-71,J. Lloyd 28,L. Franklin 5
5,Sat 17 Apr 7:25pm,Carlton v Port Adelaide,MCG,32893,68-96,O. Wines 32,R. Gray 3; M. Georgiades 3
5,Sat 17 Apr 7:25pm,Brisbane v Essendon,Gabba,23544,102-45,L. Neale 38,C. Hooker 4
5,Sun 18 Apr 12:40pm,Adelaide v Fremantle,Adelaide Oval,31454,72-84,A. Brayshaw 33,M. Taberner 4
5,Sun 18 Apr 3:20pm,Hawthorn v Melbourne,MCG,36337,54-104,T. Mitchell 32,J. Melksham 3; E. Langdon 3
5,Sun 18 Apr 4:40pm,Geelong v North Melbourne,GMHBA Stadium,21282,77-47,J. Ziebell 38,-; DateHome v Away TeamsVenueCrowdResultDisposalsGoals
6,Fri 23 Apr 7:20pm,GWS v Western Bulldogs,Manuka Oval,10064,65-104,J. Macrae 40,T. Greene 4
6,Sat 24 Apr 1:45pm,Gold Coast v Sydney,People First Stadium,9819,100-60,J. Kennedy 42,B. King 5
6,Sat 24 Apr 1:45pm,Geelong v West Coast,GMHBA Stadium,21282,136-39,C. Guthrie 35,M. Duncan 4
6,Sat 24 Apr 4:35pm,Carlton v Brisbane,Marvel Stadium,29576,85-103,S. Walsh 33,H. McCluggage 33; H. McKay 6
6,Sat 24 Apr 6:10pm,Fremantle v North Melbourne,Optus Stadium,,99-48,J. Ziebell 37,M. Taberner 4; L. Schultz 4
6,Sat 24 Apr 7:25pm,Melbourne v Richmond,MCG,56418,82-48,C. Salem 39,T. McDonald 3
6,Sun 25 Apr 12:30pm,Hawthorn v Adelaide,UTAS Stadium,9007,102-99,R. Laird 32,R. Thilthorpe 5; J. Koschitzke 5
6,Sun 25 Apr 3:20pm,Collingwood v Essendon,MCG,78113,85-109,D. Parish 42,A. McDonald-Tipungwuti 5
6,Sun 25 Apr 6:10pm,Port Adelaide v St Kilda,Adelaide Oval,33125,93-39,O. Wines 36,S. Motlop 3; O. Fantasia 3; DateHome v Away TeamsVenueCrowdResultDisposalsGoals
7,Fri 30 Apr 7:50pm,Richmond v Western Bulldogs,MCG,52402,77-55,C. Daniel 34,A. Naughton 3; T. Lynch 3; S. Bolton 3
7,Sat 1 May 1:40pm,Adelaide v GWS,Adelaide Oval,28853,39-106,T. Taranto 35,J. Hogan 4
7,Sat 1 May 1:45pm,Collingwood v Gold Coast,MCG,24397,55-79,B. Ellis 35,B. Mihocek 4; J. Corbett 4
7,Sat 1 May 4:35pm,St Kilda v Hawthorn,Marvel Stadium,26433,128-59,T. Mitchell 38,J. Higgins 4
7,Sat 1 May 7:25pm,Sydney v Geelong,SCG,29123,90-88,C. Guthrie 30,H. McLean 4
7,Sat 1 May 7:25pm,Brisbane v Port Adelaide,Gabba,20007,93-44,O. Wines 37,C. Cameron 4
7,Sun 2 May 1:10pm,North Melbourne v Melbourne,Ninja Stadium,6009,73-103,B. Cunnington 35,B. Fritsch 6
7,Sun 2 May 2:40pm,West Coast v Fremantle,Optus Stadium,,132-73,T. Kelly 42,-
7,Sun 2 May 3:20pm,Essendon v Carlton,MCG,57447,107-123,S. Walsh 33,C. Hooker 5; DateHome v Away TeamsVenueCrowdResultDisposalsGoals
8,Fri 7 May 7:50pm,Richmond v Geelong,MCG,54857,63-126,C. Guthrie 36,J. Cameron 6
8,Sat 8 May 1:45pm,Gold Coast v St Kilda,People First Stadium,9271,54-63,T. Miller 33,B. King 3
8,Sat 8 May 2:10pm,GWS v Essendon,ENGIE Stadium,8526,107-105,Z. Merrett 37,K. Langford 3; J. Finlayson 3
8,Sat 8 May 4:35pm,North Melbourne v Collingwood,Marvel Stadium,22329,76-94,A. Hall 37,J. De Goey 6
8,Sat 8 May 7:10pm,Port Adelaide v Adelaide,Adelaide Oval,43069,87-38,R. Laird 36,T. Marshall 3
8,Sat 8 May 7:25pm,Melbourne v Sydney,MCG,35567,67-58,C. Oliver 35,T. McDonald 4
8,Sun 9 May 1:10pm,Hawthorn v West Coast,MCG,15277,60-98,T. Mitchell 41,B. Ah Chee 4
8,Sun 9 May 3:20pm,Western Bulldogs v Carlton,Marvel Stadium,27663,107-91,J. Macrae 32,M. Bontempelli 32; E. Betts 5; J. Bruce 5
8,Sun 9 May 4:40pm,Brisbane v Fremantle,Gabba,15403,95-71,D. Rich 31,C. Cameron 3; DateHome v Away TeamsVenueCrowdResultDisposalsGoals
9,Fri 14 May 7:50pm,St Kilda v Geelong,Marvel Stadium,26712,47-68,C. Guthrie 36,-
9,Sat 15 May 1:45pm,Sydney v Collingwood,SCG,31448,72-42,B. Maynard 29,I. Heeney 3
9,Sat 15 May 2:10pm,Hawthorn v North Melbourne,UTAS Stadium,9121,80-87,J. Simpkin 38,C. Zurhaar 4
9,Sat 15 May 4:35pm,Gold Coast v Brisbane,People First Stadium,12636,51-124,J. Lyons 37,D. McStay 4
9,Sat 15 May 7:10pm,Port Adelaide v Western Bulldogs,Adelaide Oval,32787,77-96,J. Macrae 32,O. Wines 32; A. Naughton 4
9,Sat 15 May 7:25pm,Richmond v GWS,Marvel Stadium,18798,87-83,J. Hopper 35,D. Martin 4; J. Hogan 4
9,Sun 16 May 1:10pm,Essendon v Fremantle,Marvel Stadium,26357,68-61,D. Parish 39,M. Taberner 4
9,Sun 16 May 2:40pm,West Coast v Adelaide,Optus Stadium,43427,106-76,R. Laird 36,J. Darling 5
9,Sun 16 May 3:20pm,Melbourne v Carlton,MCG,38581,94-68,S. Walsh 30,H. McKay 3; T. McDonald 3; B. Fritsch 3; DateHome v Away TeamsVenueCrowdResultDisposalsGoals
10,Fri 21 May 7:50pm,Brisbane v Richmond,Gabba,31127,102-74,D. Zorko 28,E. Hipwood 4; Z. Bailey 4
10,Sat 22 May 1:45pm,Carlton v Hawthorn,MCG,45741,86-63,T. Mitchell 44,L. Breust 3
10,Sat 22 May 2:10pm,Geelong v Gold Coast,GMHBA Stadium,22055,91-57,J. Selwood 39,J. Cameron 3; B. King 3
10,Sat 22 May 4:05pm,Adelaide v Melbourne,Adelaide Oval,31373,96-95,C. Oliver 38,T. Walker 3; C. Oliver 3
10,Sat 22 May 5:40pm,Fremantle v Sydney,Optus Stadium,29134,86-84,J. Dawson 31,L. Franklin 6
10,Sat 22 May 7:25pm,Western Bulldogs v St Kilda,Marvel Stadium,28720,144-33,J. Macrae 41,A. Naughton 5
10,Sun 23 May 1:10pm,GWS v West Coast,ENGIE Stadium,9046,93-77,C. Ward 29,L. Whitfield 29; J. Finlayson 3
10,Sun 23 May 3:20pm,Collingwood v Port Adelaide,MCG,23415,58-59,T. Adams 29,B. McCreery 3; R. Gray 3
10,Sun 23 May 4:40pm,Essendon v North Melbourne,Marvel Stadium,33121,141-69,D. Parish 36,-; DateHome v Away TeamsVenueCrowdResultDisposalsGoals
11,Fri 28 May 7:50pm,Western Bulldogs v Melbourne,Marvel Stadium,,59-87,J. Macrae 36,J. Bruce 3; T. McDonald 3; B. Fritsch 3
11,Sat 29 May 1:45pm,Collingwood v Geelong,MCG,,51-61,C. Mayne 32,T. Hawkins 3
11,Sat 29 May 2:10pm,Brisbane v GWS,Gabba,22038,129-65,T. Taranto 36,M. Robinson 4
11,Sat 29 May 4:35pm,St Kilda v North Melbourne,Marvel Stadium,,88-68,A. Hall 33,M. Wood 3
11,Sat 29 May 5:40pm,West Coast v Essendon,Optus Stadium,41883,71-87,D. Sheed 43,J. Stringer 3; J. Kennedy 3
11,Sat 29 May 7:40pm,Gold Coast v Hawthorn,SCG,1241,113-76,T. Miller 37,B. King 4; I. Rankine 4
11,Sun 30 May 2:10pm,Richmond v Adelaide,ENGIE Stadium,4236,111-83,B. Keays 31,J. Riewoldt 5
11,Sun 30 May 3:20pm,Sydney v Carlton,SCG,29882,100-78,S. Walsh 33,-
11,Sun 30 May 4:50pm,Port Adelaide v Fremantle,Adelaide Oval,26759,115-69,O. Wines 35,C. Dixon 3; S. Powell-Pepper 3; DateHome v Away TeamsVenueCrowdResultDisposalsGoals
12,Fri 4 Jun 7:50pm,Melbourne v Brisbane,ENGIE Stadium,3772,97-75,J. Lyons 28,Z. Bailey 4
12,Sat 5 Jun 1:45pm,Sydney v St Kilda,SCG,19020,92-83,B. Crouch 38,W. Hayward 3
12,Sat 5 Jun 4:05pm,Adelaide v Collingwood,Adelaide Oval,30446,73-78,R. Laird 40,J. Elliott 6
12,Sat 5 Jun 5:40pm,Essendon v Richmond,Optus Stadium,55656,84-123,D. Parish 44,-
12,Sun 6 Jun 3:20pm,Carlton v West Coast,SCG,5137,73-95,D. Sheed 32,L. Ryan 4
12,,Geelong,BYE,,,,
12,,Hawthorn,BYE,,,,
12,,North Melbourne,BYE,,,,
12,,Port Adelaide,BYE,,,,
12,,Gold Coast,BYE,,,,
12,,GWS,BYE,,,,
12,Sun 6 Jun 4:40pm,Fremantle v Western Bulldogs,Optus Stadium,32875,65-93,J. Macrae 35,J. Treacy 3; DateHome v Away TeamsVenueCrowdResultDisposalsGoals
13,Thu 10 Jun 7:10pm,Port Adelaide v Geelong,Adelaide Oval,28718,91-112,O. Wines 29,J. Cameron 5; C. Rozee 5
13,Fri 11 Jun 7:50pm,Sydney v Hawthorn,SCG,25904,51-89,T. Mitchell 34,-
13,Sat 12 Jun 2:15pm,Fremantle v Gold Coast,Optus Stadium,27318,76-49,J. Aish 31,T. Miller 31; -
13,Sat 12 Jun 7:25pm,St Kilda v Adelaide,Cazaly's Stadium,5969,60-66,B. Crouch 36,R. Thilthorpe 3
13,Sun 13 Jun 3:20pm,North Melbourne v GWS,Ninja Stadium,3462,94-94,J. Kelly 39,-
13,Sun 13 Jun 5:20pm,West Coast v Richmond,Optus Stadium,50834,85-81,J. Redden 32,J. Kennedy 4
13,,Carlton,BYE,,,,
13,,Essendon,BYE,,,,
13,,Western Bulldogs,BYE,,,,
13,,Brisbane,BYE,,,,
13,Mon 14 Jun 3:20pm,Melbourne v Collingwood,SCG,16453,63-80,J. De Goey 32,B. Maynard 32; D. Cameron 4; DateHome v Away TeamsVenueCrowdResultDisposalsGoals
14,Fri 18 Jun 7:50pm,Geelong v Western Bulldogs,GMHBA Stadium,6583,83-78,J. Macrae 35,J. Bruce 3
14,Sat 19 Jun 1:45pm,Gold Coast v Port Adelaide,People First Stadium,7117,31-81,O. Wines 43,C. Rozee 3
14,Sat 19 Jun 4:35pm,North Melbourne v Brisbane,Ninja Stadium,5060,45-68,J. Lyons 36,N. Larkey 3
14,Sat 19 Jun 7:25pm,GWS v Carlton,ENGIE Stadium,7035,102-66,M. Kennedy 27,J. Hopper 27; J. Finlayson 5
14,,Adelaide,BYE,,,,
14,,Collingwood,BYE,,,,
14,,Fremantle,BYE,,,,
14,,Melbourne,BYE,,,,
14,,Richmond,BYE,,,,
14,,St Kilda,BYE,,,,
14,,Sydney,BYE,,,,
14,,West Coast,BYE,,,,
14,Sun 20 Jun 3:20pm,Hawthorn v Essendon,UTAS Stadium,14834,73-86,T. Mitchell 36,J. Stringer 4; DateHome v Away TeamsVenueCrowdResultDisposalsGoals
15,Thu 24 Jun 7:30pm,Brisbane v Geelong,Gabba,29024,94-50,C. Guthrie 34,J. Daniher 4
15,Fri 25 Jun 7:50pm,Richmond v St Kilda,MCG,14787,22-62,L. Dunstan 32,D. McKenzie 2; M. King 2
15,Sat 26 Jun 1:45pm,Collingwood v Fremantle,Marvel Stadium,11570,79-91,T. Adams 32,R. Lobb 3; L. Schultz 3
15,Sat 26 Jun 1:45pm,North Melbourne v Gold Coast,Ninja Stadium,6719,72-63,T. Miller 32,N. Larkey 3; J. Corbett 3
15,Sat 26 Jun 4:05pm,Port Adelaide v Sydney,Adelaide Oval,29631,81-71,L. Parker 34,L. Franklin 4
15,Sat 26 Jun 7:25pm,Essendon v Melbourne,MCG,19414,57-68,Z. Merrett 41,-
15,Sun 27 Jun 1:10pm,GWS v Hawthorn,MCG,9897,72-90,T. Mitchell 40,D. Moore 4
15,Sun 27 Jun 1:20pm,West Coast v Western Bulldogs,Optus Stadium,,43-98,J. Macrae 32,A. Naughton 4
15,Sun 27 Jun 4:10pm,Carlton v Adelaide,Marvel Stadium,14930,83-73,S. Walsh 38,T. Walker 3; E. Betts 3; DateHome v Away TeamsVenueCrowdResultDisposalsGoals
16,Thu 1 Jul 7:20pm,Gold Coast v Richmond,Marvel Stadium,9327,77-67,T. Miller 36,T. Lynch 5
16,Fri 2 Jul 7:50pm,Geelong v Essendon,GMHBA Stadium,15579,98-57,D. Parish 43,T. Hawkins 6
16,Sat 3 Jul 1:45pm,Melbourne v GWS,MCG,16963,55-64,C. Salem 31,B. Fritsch 3; T. Greene 3
16,Sat 3 Jul 4:05pm,Adelaide v Brisbane,Adelaide Oval,16178,59-111,R. Laird 37,L. McCarthy 4
16,Sat 3 Jul 7:40pm,Hawthorn v Port Adelaide,Marvel Stadium,18251,53-87,O. Wines 43,C. Dixon 4
16,Sat 3 Jul 7:40pm,Fremantle v Carlton,MCG,12103,64-80,A. Brayshaw 28,H. McKay 3
16,Sun 4 Jul 1:10pm,Sydney v West Coast,GMHBA Stadium,9520,118-26,D. Sheed 37,L. Franklin 3; I. Heeney 3
16,Sun 4 Jul 3:20pm,Collingwood v St Kilda,MCG,18082,61-70,J. Steele 36,-
16,Sun 4 Jul 4:40pm,Western Bulldogs v North Melbourne,Marvel Stadium,18216,108-79,J. Macrae 31,A. Hall 31; C. Weightman 4; C. Zurhaar 4; DateHome v Away TeamsVenueCrowdResultDisposalsGoals
17,Thu 8 Jul 7:10pm,Port Adelaide v Melbourne,Adelaide Oval,30908,55-86,C. Petracca 33,O. Wines 33; T. McDonald 3; C. Petracca 3; K. Pickett 3
17,Fri 9 Jul 7:50pm,Essendon v Adelaide,Marvel Stadium,23604,84-21,Z. Merrett 35,A. Perkins 3
17,Sat 10 Jul 1:45pm,Hawthorn v Fremantle,UTAS Stadium,9111,46-108,T. Mitchell 39,R. Lobb 4
17,Sat 10 Jul 4:35pm,Carlton v Geelong,MCG,31834,44-70,S. Walsh 36,H. McKay 2; S. Walsh 2; Z. Tuohy 2
17,Sat 10 Jul 7:25pm,Brisbane v St Kilda,People First Stadium,9075,63-95,J. Steele 32,M. King 3; D. Zorko 3
17,Sun 11 Jul 12:40pm,GWS v Gold Coast,Mars Stadium,2952,64-65,B. Ellis 41,J. Hopper 41; T. Greene 3
17,Sun 11 Jul 3:20pm,Western Bulldogs v Sydney,Marvel Stadium,24817,60-79,J. Lloyd 33,J. Dawson 3
17,Sun 11 Jul 4:10pm,Richmond v Collingwood,MCG,29437,71-87,J. Crisp 33,J. Elliott 3; T. Lynch 3
17,Mon 12 Jul 5:40pm,West Coast v North Melbourne,Optus Stadium,30515,60-70,J. Stephenson 38,N. Larkey 3; DateHome v Away TeamsVenueCrowdResultDisposalsGoals
18,Thu 15 Jul 6:10pm,Fremantle v Geelong,Optus Stadium,35271,31-100,C. Guthrie 35,T. Hawkins 4
18,Fri 16 Jul 7:50pm,Richmond v Brisbane,People First Stadium,4119,106-86,H. McCluggage 30,J. Riewoldt 6
18,Sat 17 Jul 4:35pm,Melbourne v Hawthorn,MCG,,79-79,T. Mitchell 39,L. Breust 3; B. Fritsch 3
18,Sat 17 Jul 4:35pm,Gold Coast v Western Bulldogs,People First Stadium,8244,79-90,T. Miller 38,-
18,Sat 17 Jul 7:25pm,St Kilda v Port Adelaide,Marvel Stadium,,61-74,J. Steele 37,M. Georgiades 4
18,Sun 18 Jul 12:35pm,North Melbourne v Essendon,People First Stadium,5114,74-92,Z. Merrett 39,J. Stringer 4
18,Sun 18 Jul 3:20pm,Collingwood v Carlton,MCG,,62-91,S. Walsh 39,H. McKay 4
18,Sun 18 Jul 4:10pm,Adelaide v West Coast,Adelaide Oval,24554,56-98,R. Laird 34,A. Gaff 34; J. Cripps 5
18,Sun 18 Jul 6:10pm,GWS v Sydney,People First Stadium,2374,72-98,L. Parker 31,L. Franklin 4; T. Papley 4; DateHome v Away TeamsVenueCrowdResultDisposalsGoals
19,Fri 23 Jul 7:10pm,Port Adelaide v Collingwood,Marvel Stadium,,97-69,W. Drew 32,C. Dixon 4
19,Sat 24 Jul 1:45pm,Carlton v North Melbourne,Marvel Stadium,,77-116,J. Simpkin 31,N. Larkey 7
19,Sat 24 Jul 2:35pm,West Coast v St Kilda,Optus Stadium,43657,94-86,Z. Jones 32,D. Sheed 32; M. King 6
19,Sat 24 Jul 3:10pm,Brisbane v Gold Coast,Gabba,16660,120-71,B. Fiorini 41,L. McCarthy 4
19,Sat 24 Jul 7:25pm,Melbourne v Western Bulldogs,MCG,,65-85,J. Macrae 38,C. Oliver 38; -
19,Sat 24 Jul 7:40pm,Adelaide v Hawthorn,Marvel Stadium,,102-83,R. Laird 36,T. Walker 4
19,Sun 25 Jul 12:30pm,Sydney v Fremantle,People First Stadium,2875,98-58,A. Brayshaw 34,J. Kennedy 34; I. Heeney 5
19,Sun 25 Jul 3:20pm,Geelong v Richmond,MCG,,95-57,C. Guthrie 34,T. Hawkins 4; E. Ratugolea 4
19,Sun 25 Jul 6:10pm,Essendon v GWS,People First Stadium,2681,53-66,L. Whitfield 35,J. Hogan 2; DateHome v Away TeamsVenueCrowdResultDisposalsGoals
20,Fri 30 Jul 7:50pm,St Kilda v Carlton,Marvel Stadium,,81-112,J. Steele 36,H. McKay 5
20,Sat 31 Jul 12:20pm,Western Bulldogs v Adelaide,Mars Stadium,,105-56,C. Daniel 32,-
20,Sat 31 Jul 1:15pm,North Melbourne v Geelong,Ninja Stadium,8083,42-62,A. Hall 36,G. Rohan 2; C. Guthrie 2; N. Larkey 2
20,Sat 31 Jul 4:15pm,Collingwood v West Coast,MCG,,90-45,J. Crisp 36,-
20,Sun 1 Aug 12:10pm,Gold Coast v Melbourne,Marvel Stadium,,30-128,C. Oliver 35,B. Brown 4; L. Jackson 4
20,Sun 1 Aug 2:10pm,Hawthorn v Brisbane,UTAS Stadium,5381,92-80,J. Lyons 38,D. McStay 4
20,Sun 1 Aug 3:10pm,Fremantle v Richmond,Optus Stadium,24979,55-51,A. Brayshaw 39,M. Taberner 3
20,Sun 1 Aug 3:10pm,Essendon v Sydney,MCG,,102-109,Z. Merrett 35,T. Papley 4
20,Sun 1 Aug 6:10pm,GWS v Port Adelaide,Marvel Stadium,,73-100,K. Amon 31,J. Kelly 31; C. Dixon 4; DateHome v Away TeamsVenueCrowdResultDisposalsGoals
21,Fri 6 Aug 7:50pm,Geelong v GWS,GMHBA Stadium,,65-84,L. Whitfield 34,T. Taranto 34; I. Cumming 34; T. Greene 4
21,Sat 7 Aug 1:45pm,Carlton v Gold Coast,Marvel Stadium,,57-76,T. Miller 34,J. Honey 2; J. Townsend 2; T. Miller 2
21,Sat 7 Aug 4:35pm,Richmond v North Melbourne,MCG,,89-56,A. Hall 38,L. Davies-Uniacke 38; C. Zurhaar 4
21,Sat 7 Aug 7:10pm,Adelaide v Port Adelaide,Adelaide Oval,14736,51-55,P. Seedsman 31,R. Laird 31; H. Schoenberg 31; N. McHenry 2; Z. Butters 2
21,Sat 7 Aug 7:40pm,St Kilda v Sydney,Marvel Stadium,,93-64,J. Steele 34,J. Higgins 4
21,Sun 8 Aug 2:10pm,Hawthorn v Collingwood,MCG,,97-78,T. Mitchell 44,J. Ginnivan 3; J. Koschitzke 3
21,Sun 8 Aug 3:10pm,Fremantle v Brisbane,Optus Stadium,29589,54-118,D. Zorko 34,J. Daniher 4
21,Sun 8 Aug 3:20pm,Western Bulldogs v Essendon,Marvel Stadium,,84-97,J. Macrae 38,P. Wright 7
21,Mon 9 Aug 6:10pm,West Coast v Melbourne,Optus Stadium,31584,63-72,E. Yeo 31,B. Brown 3; DateHome v Away TeamsVenueCrowdResultDisposalsGoals
22,Fri 13 Aug 7:50pm,GWS v Richmond,Marvel Stadium,,106-67,J. Short 32,J. Kelly 32; T. Taranto 4
22,Sat 14 Aug 1:45pm,Hawthorn v Western Bulldogs,UTAS Stadium,7822,64-37,D. Howe 34,C. Weightman 2; J. Koschitzke 2
22,Sat 14 Aug 4:05pm,Port Adelaide v Carlton,Adelaide Oval,13943,140-45,T. Boak 31,O. Wines 31; C. Dixon 4
22,Sat 14 Aug 4:35pm,Geelong v St Kilda,GMHBA Stadium,,85-71,C. Guthrie 36,J. Cameron 4
22,Sat 14 Aug 7:25pm,Brisbane v Collingwood,Gabba,15146,142-57,L. Neale 31,C. Cameron 6
22,Sat 14 Aug 7:40pm,North Melbourne v Sydney,Marvel Stadium,,77-91,A. Hall 30,C. Zurhaar 3; W. Hayward 3
22,Sun 15 Aug 2:10pm,Melbourne v Adelaide,MCG,,104-63,P. Seedsman 36,B. Fritsch 7
22,Sun 15 Aug 3:10pm,Fremantle v West Coast,Optus Stadium,51692,79-64,A. Gaff 32,M. Taberner 3; J. Kennedy 3; L. Ryan 3
22,Sun 15 Aug 3:20pm,Gold Coast v Essendon,GMHBA Stadium,,30-98,D. Parish 34,J. Stringer 5; DateHome v Away TeamsVenueCrowdResultDisposalsGoals
23,Fri 20 Aug 7:50pm,Western Bulldogs v Port Adelaide,Marvel Stadium,,64-66,O. Wines 34,-
23,Sat 21 Aug 1:35pm,Richmond v Hawthorn,MCG,,83-83,J. O'Meara 36,T. Mitchell 36; T. Brockman 3; J. Riewoldt 3; T. Lynch 3
23,Sat 21 Aug 1:45pm,Sydney v Gold Coast,Marvel Stadium,,136-49,T. Miller 37,L. Franklin 6
23,Sat 21 Aug 4:35pm,Brisbane v West Coast,Gabba,21845,125-87,L. Shuey 35,J. Daniher 4
23,Sat 21 Aug 7:25pm,Geelong v Melbourne,GMHBA Stadium,,77-81,C. Oliver 37,T. Hawkins 4
23,Sat 21 Aug 7:40pm,Carlton v GWS,Marvel Stadium,,75-89,S. Walsh 29,J. Kelly 29; T. Taranto 29; E. Curnow 4
23,Sun 22 Aug 12:15pm,St Kilda v Fremantle,Ninja Stadium,3082,107-49,J. Steele 36,C. Sharman 4
23,Sun 22 Aug 3:20pm,Essendon v Collingwood,MCG,,102-64,T. Adams 31,J. Elliott 4; P. Wright 4; A. Waterman 4
23,Sun 22 Aug 4:10pm,Adelaide v North Melbourne,Adelaide Oval,13103,98-54,R. Laird 40,S. McAdam 3; N. Larkey 3; Qualifying Final; DateHome v Away TeamsVenueCrowdResultDisposalsGoals
23,Fri 27 Aug 7:20pm,Port Adelaide v Geelong,Adelaide Oval,19712,86-43,M. Duncan 33,O. Wines 33; O. Fantasia 4; Elimination Final; DateHome v Away TeamsVenueCrowdResultDisposalsGoals
23,Sat 28 Aug 3:20pm,Sydney v GWS,UTAS Stadium,8635,73-74,L. Parker 34,I. Heeney 4; Qualifying Final; DateHome v Away TeamsVenueCrowdResultDisposalsGoals
23,Sat 28 Aug 7:00pm,Melbourne v Brisbane,Adelaide Oval,13784,93-60,L. Neale 46,C. Cameron 5; Elimination Final; DateHome v Away TeamsVenueCrowdResultDisposalsGoals
23,Sun 29 Aug 3:20pm,Western Bulldogs v Essendon,UTAS Stadium,9760,85-36,J. Macrae 36,C. Weightman 4; Semi Final; DateHome v Away TeamsVenueCrowdResultDisposalsGoals
23,Fri 3 Sep 5:50pm,Geelong v GWS,Optus Stadium,44091,103-68,L. Whitfield 34,T. Hawkins 5
23,Sat 4 Sep 7:20pm,Brisbane v Western Bulldogs,Gabba,36470,78-79,J. Macrae 39,B. Smith 3; C. Cameron 3; Preliminary Final; DateHome v Away TeamsVenueCrowdResultDisposalsGoals
23,Fri 10 Sep 5:50pm,Melbourne v Geelong,Optus Stadium,58599,125-42,J. Viney 34,M. Gawn 5
23,Sat 11 Sep 7:10pm,Port Adelaide v Western Bulldogs,Adelaide Oval,26400,45-116,O. Wines 38,B. Smith 4; Grand Final; DateHome v Away TeamsVenueCrowdResultDisposalsGoals
23,Sat 25 Sep 5:15pm,Melbourne v Western Bulldogs,Optus Stadium,61118,140-66,C. Petracca 39,B. Fritsch 6